1;C:\Users\Usuario\Documents\Plantillas personalizadas de Office
2;C:\Users\Usuario\Documents\Plantillas personalizadas de Office
3;C:\Users\Usuario\Documents\Plantillas personalizadas de Office
4;C:\Users\Usuario\Documents\Plantillas personalizadas de Office
5;C:\Users\Usuario\Documents\Plantillas personalizadas de Office
6;C:\Users\Usuario\Documents\Assassin's Creed III Remaster
7;C:\Users\Usuario\Documents\Assassin's Creed III Remaster
8;C:\Users\Usuario\Downloads\Test
9;C:\Users\Usuario\Downloads\Test
10;C:\Users\Usuario\Downloads\Test
11;C:\Users\Usuario\Downloads\Test
